group,total_customers,churned,churn_rate,lower_ci,upper_ci
control,500,173,0.346,0.3043044206712042,0.3876955793287957
treatment,500,140,0.28,0.24064423553653327,0.31935576446346675
